Georgios_Stoupas Antonis_Sidiropoulos
Georgios_Stoupas Dimitrios_Katsaros
Georgios_Stoupas Yannis_Manolopoulos
Antonis_Sidiropoulos Dimitrios_Katsaros
Antonis_Sidiropoulos Yannis_Manolopoulos
Dimitrios_Katsaros Yannis_Manolopoulos
Dimitrios_Papakostas Soheil_Eshghi
Dimitrios_Papakostas Dimitrios_Katsaros
Dimitrios_Papakostas Leandros_Tassiulas
Soheil_Eshghi Dimitrios_Katsaros
Soheil_Eshghi Leandros_Tassiulas
Dimitrios_Katsaros Leandros_Tassiulas
Pavlos_Basaras George_Iosifidis
Pavlos_Basaras Dimitrios_Katsaros
Pavlos_Basaras Leandros_Tassiulas
George_Iosifidis Dimitrios_Katsaros
George_Iosifidis Leandros_Tassiulas
Dimitrios_Katsaros George_Stavropoulos
George_Stavropoulos Dimitrios_Papakostas
Marios_Bakratsas Pavlos_Basaras
Marios_Bakratsas Dimitrios_Katsaros
Marios_Bakratsas Leandros_Tassiulas
Leandros_A._Maglaras Lei_Shu
Leandros_A._Maglaras Athanasios_Maglaras
Leandros_A._Maglaras Jianmin_Jiang
Leandros_A._Maglaras Helge_Janicke
Leandros_A._Maglaras Dimitrios_Katsaros
Leandros_A._Maglaras Tiago_J._Cruz
Lei_Shu Athanasios_Maglaras
Lei_Shu Jianmin_Jiang
Lei_Shu Helge_Janicke
Lei_Shu Dimitrios_Katsaros
Lei_Shu Tiago_J._Cruz
Athanasios_Maglaras Jianmin_Jiang
Athanasios_Maglaras Helge_Janicke
Athanasios_Maglaras Dimitrios_Katsaros
Athanasios_Maglaras Tiago_J._Cruz
Jianmin_Jiang Helge_Janicke
Jianmin_Jiang Dimitrios_Katsaros
Jianmin_Jiang Tiago_J._Cruz
Helge_Janicke Dimitrios_Katsaros
Helge_Janicke Tiago_J._Cruz
Dimitrios_Katsaros Tiago_J._Cruz
Georgios_Stoupas Antonia_Gogoglou
Antonis_Sidiropoulos Antonia_Gogoglou
Antonia_Gogoglou Dimitrios_Katsaros
Antonia_Gogoglou Yannis_Manolopoulos
Georgios_Sideris Dimitrios_Katsaros
Georgios_Sideris Antonis_Sidiropoulos
Georgios_Sideris Yannis_Manolopoulos
Ioannis_Zozas Stamatia_Bibi
Ioannis_Zozas Dimitrios_Katsaros
Ioannis_Zozas Panagiotis_Bozanis
Ioannis_Zozas Ioannis_Stamelos
Stamatia_Bibi Dimitrios_Katsaros
Stamatia_Bibi Panagiotis_Bozanis
Stamatia_Bibi Ioannis_Stamelos
Dimitrios_Katsaros Panagiotis_Bozanis
Dimitrios_Katsaros Ioannis_Stamelos
Panagiotis_Bozanis Ioannis_Stamelos
Dimitrios_Papakostas Pavlos_Basaras
Pavlos_Basaras Ioannis{-}Prodromos_Belikaidis
Pavlos_Basaras Leandros_A._Maglaras
Ioannis{-}Prodromos_Belikaidis Leandros_A._Maglaras
Ioannis{-}Prodromos_Belikaidis Dimitrios_Katsaros
Pavlos_Basaras Helge_Janicke
Alexandra_I._Cristea Dimitrios_Katsaros
Alexandra_I._Cristea Yannis_Manolopoulos
Alexandra_Stagkopoulou Pavlos_Basaras
Alexandra_Stagkopoulou Dimitrios_Katsaros
Muhammad_Umer_Khan Pavlos_Basaras
Muhammad_Umer_Khan Lars_Schmidt{-}Thieme
Muhammad_Umer_Khan Alexandros_Nanopoulos
Muhammad_Umer_Khan Dimitrios_Katsaros
Pavlos_Basaras Lars_Schmidt{-}Thieme
Pavlos_Basaras Alexandros_Nanopoulos
Lars_Schmidt{-}Thieme Alexandros_Nanopoulos
Lars_Schmidt{-}Thieme Dimitrios_Katsaros
Alexandros_Nanopoulos Dimitrios_Katsaros
Katerina_Pechlivanidou Dimitrios_Katsaros
Katerina_Pechlivanidou Leandros_Tassiulas
Katerina_Pechlivanidou Kostas_Katsalis
Katerina_Pechlivanidou Ioannis_Igoumenos
Katerina_Pechlivanidou Thanasis_Korakis
Kostas_Katsalis Ioannis_Igoumenos
Kostas_Katsalis Dimitrios_Katsaros
Kostas_Katsalis Thanasis_Korakis
Kostas_Katsalis Leandros_Tassiulas
Ioannis_Igoumenos Dimitrios_Katsaros
Ioannis_Igoumenos Thanasis_Korakis
Ioannis_Igoumenos Leandros_Tassiulas
Dimitrios_Katsaros Thanasis_Korakis
Thanasis_Korakis Leandros_Tassiulas
Nikos_Makris Thanasis_Korakis
Nikos_Makris Dimitrios_Katsaros
Nikos_Makris Leandros_Tassiulas
Nikos_Dimokas Dimitrios_Katsaros
Alfredo_Cuzzocrea Alexis_Papadimitriou
Alfredo_Cuzzocrea Dimitrios_Katsaros
Alfredo_Cuzzocrea Yannis_Manolopoulos
Alexis_Papadimitriou Dimitrios_Katsaros
Alexis_Papadimitriou Yannis_Manolopoulos
Leonidas_Akritidis Dimitrios_Katsaros
Leonidas_Akritidis Panayiotis_Bozanis
Dimitrios_Katsaros Panayiotis_Bozanis
Stamatia_Bibi Panayiotis_Bozanis
Donatos_Stavropoulos Giannis_Kazdaridis
Donatos_Stavropoulos Thanasis_Korakis
Donatos_Stavropoulos Dimitrios_Katsaros
Donatos_Stavropoulos Leandros_Tassiulas
Giannis_Kazdaridis Thanasis_Korakis
Giannis_Kazdaridis Dimitrios_Katsaros
Giannis_Kazdaridis Leandros_Tassiulas
Vasilis_Sourlas Paris_Flegkas
Vasilis_Sourlas Georgios_S._Paschos
Vasilis_Sourlas Dimitrios_Katsaros
Vasilis_Sourlas Leandros_Tassiulas
Paris_Flegkas Georgios_S._Paschos
Paris_Flegkas Dimitrios_Katsaros
Paris_Flegkas Leandros_Tassiulas
Georgios_S._Paschos Dimitrios_Katsaros
Georgios_S._Paschos Leandros_Tassiulas
Bhaskar_Prasad_Rimal Admela_Jukan
Bhaskar_Prasad_Rimal Dimitrios_Katsaros
Bhaskar_Prasad_Rimal Yves_Goeleven
Admela_Jukan Dimitrios_Katsaros
Admela_Jukan Yves_Goeleven
Dimitrios_Katsaros Yves_Goeleven
Dimitrios_Katsaros George_Pallis
Dimitrios_Katsaros S._Sivasubramanian
Dimitrios_Katsaros Athena_Vakali
George_Pallis S._Sivasubramanian
George_Pallis Athena_Vakali
S._Sivasubramanian Athena_Vakali
Nikos_Dimokas Leandros_Tassiulas
Nikos_Dimokas Yannis_Manolopoulos
Leandros_Tassiulas Yannis_Manolopoulos
Andreas_Papadopoulos Dimitrios_Katsaros
Konstantinos_Stamos George_Pallis
Konstantinos_Stamos Athena_Vakali
Konstantinos_Stamos Dimitrios_Katsaros
Konstantinos_Stamos Antonis_Sidiropoulos
Konstantinos_Stamos Yannis_Manolopoulos
George_Pallis Antonis_Sidiropoulos
George_Pallis Yannis_Manolopoulos
Athena_Vakali Antonis_Sidiropoulos
Athena_Vakali Yannis_Manolopoulos
Marios_D._Dikaiakos Dimitrios_Katsaros
Marios_D._Dikaiakos Pankaj_Mehra
Marios_D._Dikaiakos George_Pallis
Marios_D._Dikaiakos Athena_Vakali
Dimitrios_Katsaros Pankaj_Mehra
Pankaj_Mehra George_Pallis
Pankaj_Mehra Athena_Vakali
George_Pallis Nicholas_Loulloudes
George_Pallis Leandros_Tassiulas
Dimitrios_Katsaros Nicholas_Loulloudes
Marios_D._Dikaiakos Nicholas_Loulloudes
Marios_D._Dikaiakos Leandros_Tassiulas
Nicholas_Loulloudes Leandros_Tassiulas
Ioannis_Karydis Alexandros_Nanopoulos
Ioannis_Karydis Apostolos_N._Papadopoulos
Ioannis_Karydis Dimitrios_Katsaros
Ioannis_Karydis Yannis_Manolopoulos
Alexandros_Nanopoulos Apostolos_N._Papadopoulos
Alexandros_Nanopoulos Yannis_Manolopoulos
Apostolos_N._Papadopoulos Dimitrios_Katsaros
Apostolos_N._Papadopoulos Yannis_Manolopoulos
Maria_Kontaki Dimitrios_Katsaros
Maria_Kontaki Yannis_Manolopoulos
Fotis_Tsakiridis Panayiotis_Bozanis
Fotis_Tsakiridis Dimitrios_Katsaros
G{\"{o}}khan_Yavas Dimitrios_Katsaros
G{\"{o}}khan_Yavas {\"{O}}zg{\"{u}}r_Ulusoy
G{\"{o}}khan_Yavas Yannis_Manolopoulos
Dimitrios_Katsaros {\"{O}}zg{\"{u}}r_Ulusoy
{\"{O}}zg{\"{u}}r_Ulusoy Yannis_Manolopoulos
Dimitrios_Katsaros Murat_Karakaya
Alexandros_Nanopoulos Murat_Karakaya
Alexandros_Nanopoulos G{\"{o}}khan_Yavas
Alexandros_Nanopoulos {\"{O}}zg{\"{u}}r_Ulusoy
Murat_Karakaya G{\"{o}}khan_Yavas
Murat_Karakaya {\"{O}}zg{\"{u}}r_Ulusoy
Murat_Karakaya Yannis_Manolopoulos
